{
  "position_accuracy": 0.09090909090909091,
  "paper_precision": 0.06289308176100629,
  "paper_recall": 0.03731343283582089,  
  "paper_f1": 0.046838407494145196,
  "corpus_precision": 0.07377049180327869,
  "corpus_recall": 0.036585365853658534,
  "corpus_f1": 0.048913043478260865,
  "total_citation_positions": 110,
  "total_gt_papers": 268,
  "total_pred_papers": 159,
  "total_correct_papers": 10,
  "total_positions_with_matches": 10,
  "unique_gt_papers": 246,
  "unique_pred_papers": 122,
  "unique_correct_papers": 9
}